AuditableRequestId,CreatedDateTime,EffectiveDate,ExpirationDate,Number,QuoteId,TotalPremium,address[0].StateOrProvinceCode,insured.Address.City,insured.Address.CountryCode,insured.Address.Line1,insured.Address.PostalCode,insured.Address.StateOrProvinceName,insured.Business.NAICS,insured.Business.SIC,insured[0].Address.City,insured[0].Address.CountryCode,insured[0].Address.Line1,insured[0].Address.Line2,insured[0].Address.PostalCode,insured[0].Address.StateOrProvinceName,insured[0].CountryCode,insured[0].GivenName,insured[0].Surname,location.StateOrProvinceCode,producer.FullName,quoteId
True,2020-10-26 11:27:19.980,2020-10-26 11:27:00,2021-10-26 11:27:00,,1,,AL,New York,USA,123 Main Street,10022,NY,,,New York,USA,123 Main Street,,10022,NY,USA,,,AL,Placeholder Producer,1
True,2023-09-26 15:25:08.783,2020-10-26 11:27:00,2021-10-26 11:27:00,,3,,AL,New York,USA,123 Main Street,10022,NY,,,New York,USA,123 Main Street,,10022,NY,USA,,,AL,Placeholder Producer,3
True,2023-11-28 12:31:03.027,2023-11-28 12:31:00,2024-11-28 12:31:00,,4,,AL,Adjuntas,USA,"78, test street",00601,PR,,,Adjuntas,USA,"78, test street",adjuntas,00601,PR,USA,test,case,AL,Placeholder Producer,4
True,2023-11-28 13:40:44.963,2023-11-28 13:41:00,2024-11-28 13:41:00,,5,,AL,Adjuntas,USA,"78, test street",00601,PR,,,Adjuntas,USA,"78, test street",adjuntas,00601,PR,USA,test,case,AL,Placeholder Producer,5
True,2023-12-09 00:15:19.023,2023-12-09 00:15:00,2024-12-09 00:15:00,,6,,AL,MELVILLE,USA,125 BAYLIS RD,     ,Ne,,,MELVILLE,USA,125 BAYLIS RD,,     ,Ne,USA,John Doe,,AL,IMS_Test,6
,2023-12-12 16:15:55.040,2023-12-12 00:00:00,2024-12-12 00:00:00,,23,,AL,MELVILLE,USA,125 BAYLIS RD,     ,AL,,,MELVILLE,USA,125 BAYLIS RD,,     ,AL,USA,John Doe1,,AL,Placeholder Producer,23
,2023-12-12 19:02:45.603,2023-12-12 00:00:00,2024-12-12 00:00:00,,24,,NY,MELVILLE,USA,125 BAYLIS RD,     ,NY,,,MELVILLE,USA,125 BAYLIS RD,,     ,NY,USA,John Doe1,,NY,IMS_Test,24
,2023-12-12 20:08:30.193,2023-12-12 00:00:00,2024-12-12 00:00:00,,25,,NY,BROOKLYN,USA,183 EMPIRE BLVD,     ,NY,,,BROOKLYN,USA,183 EMPIRE BLVD,,     ,NY,USA,Jack Mark,,NY,IMS_Test,25
,2023-12-13 12:47:47.823,2023-12-13 00:00:00,2024-12-13 00:00:00,,26,,NY,MELVILLE,USA,125 BAYLIS RD,     ,Ne,,,MELVILLE,USA,125 BAYLIS RD,,     ,Ne,USA,Jack Mark1,,NY,IMS_Test,26
,2023-12-13 12:52:35.597,2023-12-13 00:00:00,2024-12-13 00:00:00,,27,,NY,MELVILLE,USA,125 BAYLIS RD,     ,Ne,,,MELVILLE,USA,125 BAYLIS RD,,     ,Ne,USA,Jack Mark2,,NY,IMS_Test,27
,2023-12-13 20:35:07.600,2023-12-13 00:00:00,2024-12-13 00:00:00,,28,,NY,MELVILLE,USA,125 BAYLIS RD,     ,Ne,,,MELVILLE,USA,125 BAYLIS RD,,     ,Ne,USA,Mark John,,NY,IMS_Test,28
,2023-12-14 16:12:15.067,2023-12-14 00:00:00,2024-12-14 00:00:00,,29,,NY,BROOKLYN,USA,183 EMPIRE BLVD,     ,Ne,,,BROOKLYN,USA,183 EMPIRE BLVD,,     ,Ne,USA,Jhonny D,,NY,IMS_Test,29
,2023-12-14 16:33:15.703,2023-12-14 00:00:00,2024-12-14 00:00:00,,30,,NY,BROOKLYN,USA,183 EMPIRE BLVD,     ,Ne,,,BROOKLYN,USA,183 EMPIRE BLVD,,     ,Ne,USA,John_D_IMS,,NY,IMS_Test,30
,2023-12-14 17:15:04.650,2023-12-14 00:00:00,2024-12-14 00:00:00,,31,,NY,MELVILLE,USA,125 BAYLIS ROAD,     ,Ne,,,MELVILLE,USA,125 BAYLIS ROAD,,     ,Ne,USA,ACME GAS,,NY,IMS_Test,31
,2023-12-15 18:27:45.277,2023-12-15 00:00:00,2024-12-15 00:00:00,,32,,NY,MELVILLE,USA,125 BAYLIS RD,     ,Ne,,,MELVILLE,USA,125 BAYLIS RD,,     ,Ne,USA,3M Inc,,NY,IMS_Test,32
,2023-12-18 13:17:05.450,2023-12-18 00:00:00,2024-12-18 00:00:00,,33,,NY,MELVILLE,USA,125 BAYLIS RD,     ,Ne,,,MELVILLE,USA,125 BAYLIS RD,,     ,Ne,USA,3M_1 Inc,,NY,IMS_Test,33
,2023-12-18 13:24:58.627,2023-12-18 00:00:00,2024-12-18 00:00:00,,34,,NY,MELVILLE,USA,125 BAYLIS RD,     ,Ne,,,MELVILLE,USA,125 BAYLIS RD,,     ,Ne,USA,3M_2 Inc,,NY,IMS_Test,34
,2023-12-18 17:53:51.533,2023-12-18 00:00:00,2024-12-18 00:00:00,,35,,NY,MELVILLE,USA,125 BAYLIS RD,     ,Ne,,,MELVILLE,USA,125 BAYLIS RD,,     ,Ne,USA,3M_4 Inc,,NY,IMS_Test,35
,2023-12-18 18:41:17.760,2023-12-18 00:00:00,2024-12-18 00:00:00,,36,,NY,BROOKLYN,USA,183 EMPIRE BLVD,     ,Ne,,,BROOKLYN,USA,183 EMPIRE BLVD,,     ,Ne,USA,Path_2 Inc,,NY,IMS_Test,36
,2023-12-18 18:53:27.140,2023-12-18 00:00:00,2024-12-18 00:00:00,,37,,NY,BROOKLYN,USA,183 EMPIRE BLVD,     ,Ne,,,BROOKLYN,USA,183 EMPIRE BLVD,,     ,Ne,USA,4M Inc,,NY,IMS_Test,37
,2023-12-18 19:07:30.787,2023-12-18 00:00:00,2024-12-18 00:00:00,,38,,NY,BROOKLYN,USA,183 EMPIRE BLVD,     ,Ne,,,BROOKLYN,USA,183 EMPIRE BLVD,,     ,Ne,USA,6M Inc,,NY,IMS_Test,38
,2023-12-19 16:36:24.617,2023-12-19 00:00:00,2024-12-19 00:00:00,,39,,NY,BROOKLYN,USA,183 EMPIRE BLVD,     ,Ne,,,BROOKLYN,USA,183 EMPIRE BLVD,,     ,Ne,USA,Warner group,,NY,IMS_Test,39
,2023-12-19 17:00:28.627,2023-12-19 00:00:00,2024-12-19 00:00:00,,40,,NY,BROOKLYN,USA,183 EMPIRE BLVD,     ,Ne,,,BROOKLYN,USA,183 EMPIRE BLVD,,     ,Ne,USA,Warner_1 group,,NY,IMS_Test,40
,2023-12-19 17:58:39.087,2023-12-19 00:00:00,2024-12-19 00:00:00,,41,,NY,MELVILLE,USA,125 BAYLIS RD,     ,Ne,,,MELVILLE,USA,125 BAYLIS RD,,     ,Ne,USA,W3C Inc,,NY,IMS_Test,41
,2023-12-19 18:24:20.380,2023-12-19 00:00:00,2024-12-19 00:00:00,,42,,NY,BROOKLYN,USA,183 EMPIRE BLVD,     ,Ne,,,BROOKLYN,USA,183 EMPIRE BLVD,,     ,Ne,USA,ABC Inc,,NY,IMS_Test,42
,2023-12-19 21:18:02.330,2023-12-19 00:00:00,2024-12-19 00:00:00,,43,,NY,BROOKLYN,USA,183 EMPIRE BLVD,     ,Ne,,,BROOKLYN,USA,183 EMPIRE BLVD,,     ,Ne,USA,ABC_1 Inc,,NY,IMS_Test,43
,2023-12-19 21:47:42.690,2023-12-19 00:00:00,2024-12-19 00:00:00,,44,,NY,MELVILLE,USA,125 BAYLIS RD,     ,Ne,,,MELVILLE,USA,125 BAYLIS RD,,     ,Ne,USA,W3C_1 Inc,,NY,IMS_Test,44
,2023-12-19 22:13:43.073,2023-12-19 00:00:00,2024-12-19 00:00:00,,45,,NY,MELVILLE,USA,125 BAYLIS RD,     ,Ne,,,MELVILLE,USA,125 BAYLIS RD,,     ,Ne,USA,W3C_1 Inc,,NY,IMS_Test,45
,2023-12-19 22:17:28.473,2023-12-19 00:00:00,2024-12-19 00:00:00,,46,,NY,BROOKLYN,USA,183 EMPIRE BLVD,     ,Ne,,,BROOKLYN,USA,183 EMPIRE BLVD,,     ,Ne,USA,ABC_5 Inc,,NY,IMS_Test,46
,2023-12-20 13:20:06.003,2023-12-20 00:00:00,2024-12-20 00:00:00,,47,,NY,BROOKLYN,USA,183 EMPIRE BLVD,     ,Ne,,,BROOKLYN,USA,183 EMPIRE BLVD,,     ,Ne,USA,XYZ1_Inc,,NY,IMS_Test,47
,2023-12-20 15:08:07.973,2023-12-20 00:00:00,2024-12-20 00:00:00,,48,,NY,MELVILLE,USA,125 BAYLIS RD,     ,Ne,,,MELVILLE,USA,125 BAYLIS RD,,     ,Ne,USA,XYZ_2 Inc,,NY,IMS_Test,48
,2023-12-20 15:15:00.437,2023-12-20 00:00:00,2024-12-20 00:00:00,,49,,NY,MELVILLE,USA,125 BAYLIS RD,     ,Ne,,,MELVILLE,USA,125 BAYLIS RD,,     ,Ne,USA,XYZ_5 Inc,,NY,IMS_Test,49
,2023-12-20 15:21:12.747,2023-12-20 00:00:00,2024-12-20 00:00:00,,50,,NY,MELVILLE,USA,125 BAYLIS RD,     ,Ne,,,MELVILLE,USA,125 BAYLIS RD,,     ,Ne,USA,XYZ_6 Inc,,NY,IMS_Test,50
,2023-12-20 15:25:05.970,2023-12-20 00:00:00,2024-12-20 00:00:00,,51,,NY,MELVILLE,USA,125 BAYLIS RD,     ,Ne,,,MELVILLE,USA,125 BAYLIS RD,,     ,Ne,USA,XYZ_7 Inc,,NY,IMS_Test,51
,2023-12-20 16:11:04.320,2023-12-18 00:00:00,2024-12-18 00:00:00,,52,,NY,Blue Point,+1 ,street,11715,NY,,,Blue Point,+1 ,street,,11715,NY,+1 ,sam,william,NY,Placeholder Producer,52
,2023-12-20 16:14:20.313,2023-12-18 00:00:00,2024-12-18 00:00:00,,53,,NY,Blue Point,+1 ,street,11715,NY,,,Blue Point,+1 ,street,,11715,NY,+1 ,sam,william,NY,IMS_Test,53
,2023-12-20 16:14:28.463,2023-12-18 00:00:00,2024-12-18 00:00:00,,54,,NY,Blue Point,+1 ,street,11715,NY,,,Blue Point,+1 ,street,,11715,NY,+1 ,sam,william,NY,IMS_Test,54
,2023-12-20 16:14:38.080,2023-12-18 00:00:00,2024-12-18 00:00:00,,55,,NY,Blue Point,+1 ,street,11715,NY,,,Blue Point,+1 ,street,,11715,NY,+1 ,sam,william,NY,IMS_Test,55
,2023-12-20 16:15:48.707,2023-12-18 00:00:00,2024-12-18 00:00:00,,56,,NY,Blue Point,+1 ,street,11715,NY,,,Blue Point,+1 ,street,,11715,NY,+1 ,sam,william,NY,IMS_Test,56
,2023-12-20 16:17:11.280,2023-12-18 00:00:00,2024-12-18 00:00:00,,57,,NY,Blue Point,+1 ,street,11715,NY,,,Blue Point,+1 ,street,,11715,NY,+1 ,sam,william,NY,IMS_Test,57
,2023-12-20 16:18:07.517,2023-12-18 00:00:00,2024-12-18 00:00:00,,58,,NY,Blue Point,+1 ,street,11715,NY,,,Blue Point,+1 ,street,,11715,NY,+1 ,sam,william,NY,IMS_Test,58
,2023-12-20 16:19:25.083,2023-12-18 00:00:00,2024-12-18 00:00:00,,59,,NY,Blue Point,+1 ,street,11715,NY,,,Blue Point,+1 ,street,,11715,NY,+1 ,sam,william,NY,IMS_Test,59
,2023-12-20 23:31:23.357,2023-12-20 00:00:00,2024-12-20 00:00:00,,60,,NY,MELVILLE,USA,125 BAYLIS RD,     ,Ne,,,MELVILLE,USA,125 BAYLIS RD,,     ,Ne,USA,XYZ_10 Inc,,NY,IMS_Test,60
,2023-12-21 13:21:47.727,2023-12-21 00:00:00,2024-12-21 00:00:00,,61,,NY,MELVILLE,USA,125 BAYLIS RD,     ,Ne,,,MELVILLE,USA,125 BAYLIS RD,,     ,Ne,USA,XYZ_12 Inc,,NY,IMS_Test,61
,2023-12-21 13:23:05.053,2023-12-21 00:00:00,2024-12-21 00:00:00,,62,,NY,MELVILLE,USA,125 BAYLIS RD,     ,Ne,,,MELVILLE,USA,125 BAYLIS RD,,     ,Ne,USA,XYZ_12 Inc,,NY,IMS_Test,62
,2023-12-21 13:25:36.740,2023-12-21 00:00:00,2024-12-21 00:00:00,,63,,NY,MELVILLE,USA,125 BAYLIS RD,     ,Ne,,,MELVILLE,USA,125 BAYLIS RD,,     ,Ne,USA,XYZ_12 Inc,,NY,IMS_Test,63
,2023-12-21 15:51:57.487,2023-12-21 00:00:00,2024-12-21 00:00:00,,64,,NY,BROOKLYN,USA,183 EMPIRE BLVD,     ,Ne,,,BROOKLYN,USA,183 EMPIRE BLVD,,     ,Ne,USA,MBC Inc,,NY,IMS_Test,64
,2023-12-21 15:56:29.077,2023-12-21 00:00:00,2024-12-21 00:00:00,,65,,NY,MELVILLE,USA,125 BAYLIS RD,     ,Ne,,,MELVILLE,USA,125 BAYLIS RD,,     ,Ne,USA,MBC_1 Inc,,NY,IMS_Test,65
,2023-12-21 16:05:56.317,2023-12-21 00:00:00,2024-12-21 00:00:00,,66,,NY,BROOKLYN,USA,183 EMPIRE BLVD,     ,Ne,,,BROOKLYN,USA,183 EMPIRE BLVD,,     ,Ne,USA,Dec Inc,,NY,IMS_Test,66
,2023-12-21 16:36:37.623,2023-12-21 00:00:00,2024-12-21 00:00:00,,67,,NY,MELVILLE,USA,125 BAYLIS RD,     ,Ne,,,MELVILLE,USA,125 BAYLIS RD,,     ,Ne,USA,UBC Inc,,NY,IMS_Test,67
,2023-12-21 16:39:37.243,2023-12-21 00:00:00,2024-12-21 00:00:00,,68,,NY,MELVILLE,USA,125 BAYLIS RD,     ,Ne,,,MELVILLE,USA,125 BAYLIS RD,,     ,Ne,USA,UBC_2 Inc,,NY,IMS_Test,68
,2023-12-21 16:43:31.090,2023-12-21 00:00:00,2024-12-21 00:00:00,,69,,NY,BROOKLYN,USA,183 EMPIRE BLVD,     ,Ne,,,BROOKLYN,USA,183 EMPIRE BLVD,,     ,Ne,USA,CBC Inc,,NY,IMS_Test,69
,2023-12-21 16:57:42.933,2023-12-21 00:00:00,2024-12-21 00:00:00,,70,,NY,MELVILLE,USA,125 BAYLIS RD,     ,Ne,,,MELVILLE,USA,125 BAYLIS RD,,     ,Ne,USA,WBA_1 Inc,,NY,IMS_Test,70
,2023-12-21 17:11:35.643,2023-12-21 00:00:00,2024-12-21 00:00:00,,71,,NY,BROOKLYN,USA,183 EMPIRE BLVD,     ,Ne,,,BROOKLYN,USA,183 EMPIRE BLVD,,     ,Ne,USA,NYSARC INC,,NY,IMS_Test,71
,2023-12-21 21:45:49.980,2023-12-21 00:00:00,2024-12-21 00:00:00,,72,,NY,BROOKLYN,USA,183 EMPIRE BLVD,     ,Ne,,,BROOKLYN,USA,183 EMPIRE BLVD,,     ,Ne,USA,NYSARC INC,,NY,IMS_Test,72
,2023-12-21 22:30:20.760,2023-12-21 00:00:00,2024-12-21 00:00:00,,73,,NY,BROOKLYN,USA,183 EMPIRE BLVD,     ,Ne,,,BROOKLYN,USA,183 EMPIRE BLVD,,     ,Ne,USA,MC1 Inc,,NY,IMS_Test,73
,2023-12-22 13:16:16.040,2023-12-22 00:00:00,2024-12-22 00:00:00,,74,,NY,BROOKLYN,USA,183 EMPIRE BLVD,     ,Ne,,,BROOKLYN,USA,183 EMPIRE BLVD,,     ,Ne,USA,ACE1 Inc,,NY,IMS_Test,74
,2023-12-22 13:22:30.833,2023-12-22 00:00:00,2024-12-22 00:00:00,,75,,NY,BROOKLYN,USA,183 EMPIRE BLVD,     ,Ne,,,BROOKLYN,USA,183 EMPIRE BLVD,,     ,Ne,USA,ACE4 Inc,,NY,IMS_Test,75
,2023-12-22 13:35:59.827,2023-12-22 00:00:00,2024-12-22 00:00:00,,76,,NY,BROOKLYN,USA,183 EMPIRE BLVD,     ,Ne,,,BROOKLYN,USA,183 EMPIRE BLVD,,     ,Ne,USA,ACE6 Inc,,NY,IMS_Test,76
,2023-12-22 16:42:19.577,2023-12-22 00:00:00,2024-12-22 00:00:00,,77,,NY,BROOKLYN,USA,183 EMPIRE BLVD,     ,Ne,,,BROOKLYN,USA,183 EMPIRE BLVD,,     ,Ne,USA,FIS Inc,,NY,IMS_Test,77
,2023-12-22 16:57:34.213,2023-12-22 00:00:00,2024-12-22 00:00:00,,78,,NY,BROOKLYN,USA,183 EMPIRE BLVD,     ,Ne,,,BROOKLYN,USA,183 EMPIRE BLVD,,     ,Ne,USA,FIS4,,NY,IMS_Test,78
,2023-12-22 17:14:35.600,2023-12-22 00:00:00,2024-12-22 00:00:00,,79,,NY,BROOKLYN,USA,183 EMPIRE BLVD,     ,Ne,,,BROOKLYN,USA,183 EMPIRE BLVD,,     ,Ne,USA,ABC001,,NY,IMS_Test,79
,2023-12-22 17:20:09.243,2023-12-22 00:00:00,2024-12-22 00:00:00,,80,,NY,MELVILLE,USA,125 BAYLIS RD,     ,Ne,,,MELVILLE,USA,125 BAYLIS RD,,     ,Ne,USA,WBA_11 Inc,,NY,IMS_Test,80
,2023-12-22 17:21:13.157,2023-12-22 00:00:00,2024-12-22 00:00:00,,81,,NY,MELVILLE,USA,125 BAYLIS RD,     ,Ne,,,MELVILLE,USA,125 BAYLIS RD,,     ,Ne,USA,WBA_12 Inc,,NY,IMS_Test,81
,2023-12-22 17:22:18.143,2023-12-22 00:00:00,2024-12-22 00:00:00,,82,,NY,MELVILLE,USA,125 BAYLIS RD,     ,Ne,,,MELVILLE,USA,125 BAYLIS RD,,     ,Ne,USA,WBA_14 Inc,,NY,IMS_Test,82
,2023-12-22 17:23:29.950,2023-12-22 00:00:00,2024-12-22 00:00:00,,83,,NY,MELVILLE,USA,125 BAYLIS RD,     ,Ne,,,MELVILLE,USA,125 BAYLIS RD,,     ,Ne,USA,WBA_15 Inc,,NY,IMS_Test,83
,2023-12-22 23:00:59.630,2023-12-22 00:00:00,2024-12-22 00:00:00,,84,,NY,JERICHO,USA,"420 JERICHO TURNPIKE, SUITE 215",     ,Ne,,,JERICHO,USA,"420 JERICHO TURNPIKE, SUITE 215",,     ,Ne,USA,Jumping Jack Juniors Gym,,NY,IMS_Test,84
,2023-12-22 23:39:20.217,2023-12-22 00:00:00,2024-12-22 00:00:00,,85,,NY,MELVILLE,USA,125 BAYLIS RD,     ,Ne,,,MELVILLE,USA,125 BAYLIS RD,,     ,Ne,USA,WBA_15 Inc,,NY,IMS_Test,85
,2023-12-22 23:44:07.390,2023-12-22 00:00:00,2024-12-22 00:00:00,,86,,NY,BROOKLYN,USA,183 EMPIRE BLVD,     ,Ne,,,BROOKLYN,USA,183 EMPIRE BLVD,,     ,Ne,USA,ABCD Inc,,NY,IMS_Test,86
,2024-01-02 12:26:15.543,2024-01-02 00:00:00,2025-01-02 00:00:00,,87,,NY,BROOKLYN,USA,183 EMPIRE BLVD,     ,Ne,,,BROOKLYN,USA,183 EMPIRE BLVD,,     ,Ne,USA,3m_88 Inc,,NY,IMS_Test,87
,2024-01-02 15:07:16.463,2024-01-02 00:00:00,2025-01-02 00:00:00,,88,,NY,BROOKLYN,USA,183 EMPIRE BLVD,     ,Ne,,,BROOKLYN,USA,183 EMPIRE BLVD,,     ,Ne,USA,FIS_101 Inc,,NY,IMS_Test,88
,2024-01-02 19:56:35.237,2024-01-02 00:00:00,2025-01-02 00:00:00,,89,,NY,MELVILLE,USA,125 BAYLIS RD,     ,Ne,,,MELVILLE,USA,125 BAYLIS RD,,     ,Ne,USA,FIS 24 Inc,,NY,IMS_Test,89
,2024-01-02 20:00:40.600,2024-01-02 00:00:00,2025-01-02 00:00:00,,90,,NY,MELVILLE,USA,125 BAYLIS RD,     ,Ne,,,MELVILLE,USA,125 BAYLIS RD,,     ,Ne,USA,FIS 25 Inc,,NY,IMS_Test,90
,2024-01-02 20:07:36.173,2024-01-02 00:00:00,2025-01-02 00:00:00,,91,,NY,MELVILLE,USA,125 BAYLIS RD,     ,Ne,,,MELVILLE,USA,125 BAYLIS RD,,     ,Ne,USA,FIS 26 Inc,,NY,IMS_Test,91
,2024-01-02 20:19:17.860,2024-01-02 00:00:00,2025-01-02 00:00:00,,92,,NY,MELVILLE,USA,125 BAYLIS RD,     ,Ne,,,MELVILLE,USA,125 BAYLIS RD,,     ,Ne,USA,FIS 26 Inc,,NY,IMS_Test,92
,2024-01-02 20:22:16.527,2024-01-02 00:00:00,2025-01-02 00:00:00,,93,,NY,MELVILLE,USA,125 BAYLIS RD,     ,Ne,,,MELVILLE,USA,125 BAYLIS RD,,     ,Ne,USA,FIS 32 Inc,,NY,IMS_Test,93
,2024-01-02 20:29:09.313,2024-01-02 00:00:00,2025-01-02 00:00:00,,94,,NY,MELVILLE,USA,125 BAYLIS RD,     ,Ne,,,MELVILLE,USA,125 BAYLIS RD,,     ,Ne,USA,FIS 22 Inc,,NY,IMS_Test,94
,2024-01-03 13:07:35.457,2024-01-03 00:00:00,2025-01-03 00:00:00,,95,,NY,MELVILLE,USA,125 BAYLIS RD,     ,Ne,,,MELVILLE,USA,125 BAYLIS RD,,     ,Ne,USA,FIS Test1 Inc,,NY,IMS_Test,95
,2024-01-03 13:18:23.700,2024-01-03 00:00:00,2025-01-03 00:00:00,,96,,NY,MELVILLE,USA,125 BAYLIS RD,     ,Ne,,,MELVILLE,USA,125 BAYLIS RD,,     ,Ne,USA,FIS Test2 Inc,,NY,IMS_Test,96
,2024-01-03 16:28:57.737,2024-01-03 00:00:00,2025-01-03 00:00:00,,97,,NY,MELVILLE,USA,125 BAYLIS RD,     ,Ne,,,MELVILLE,USA,125 BAYLIS RD,,     ,Ne,USA,FIS Test5 Inc,,NY,IMS_Test,97
,2024-01-03 16:35:20.673,2024-01-03 00:00:00,2025-01-03 00:00:00,,98,,NY,MELVILLE,USA,125 BAYLIS RD,     ,Ne,,,MELVILLE,USA,125 BAYLIS RD,,     ,Ne,USA,FIS Test6 Inc,,NY,IMS_Test,98
,2024-01-03 16:51:23.053,2024-01-03 00:00:00,2025-01-03 00:00:00,,99,,NY,BROOKLYN,USA,183 EMPIRE BLVD,     ,Ne,,,BROOKLYN,USA,183 EMPIRE BLVD,,     ,Ne,USA,Johnny II,,NY,IMS_Test,99
,2024-01-03 17:00:26.450,2024-01-03 00:00:00,2025-01-03 00:00:00,,100,,NY,BROOKLYN,USA,183 EMPIRE BLVD,     ,Ne,,,BROOKLYN,USA,183 EMPIRE BLVD,,     ,Ne,USA,John V,,NY,IMS_Test,100
,2024-01-03 17:07:16.233,2024-01-03 00:00:00,2025-01-03 00:00:00,,101,,NY,BROOKLYN,USA,183 EMPIRE BLVD,     ,Ne,,,BROOKLYN,USA,183 EMPIRE BLVD,,     ,Ne,USA,John VI,,NY,IMS_Test,101
,2024-01-03 19:16:34.500,2023-07-05 00:00:00,2024-07-05 00:00:00,,109,,NY,Manchester,USA,2560 Sharon Lane,63011,Mi,,,Manchester,USA,2560 Sharon Lane,,63011,Mi,USA,Sean,Paul,NY,TCI Producer,109
,2024-01-03 19:23:24.557,2024-01-03 00:00:00,2025-01-03 00:00:00,,110,,NY,HUNTINGTON,USA,,     ,Ne,,,HUNTINGTON,USA,,,     ,Ne,USA,Kinder Castle Child Care,,NY,IMS_Test,110
,2024-01-03 19:44:23.753,2024-01-01 00:00:00,2025-01-01 00:00:00,,114,,NY,Newark,USA,625 Broad Street,07102,Ne,,,Newark,USA,625 Broad Street,Suite 240,07102,Ne,USA,Ross,Geller,NY,Genius Producer,114
,2024-01-03 20:30:46.810,2024-01-03 00:00:00,2025-01-03 00:00:00,,115,,NY,BROOKLYN,USA,183 EMPIRE BLVD,     ,Ne,,,BROOKLYN,USA,183 EMPIRE BLVD,,     ,Ne,USA,John Deff V,,NY,IMS_Test,115
,2024-01-04 12:41:31.660,2024-01-04 00:00:00,2025-01-04 00:00:00,,116,,NY,MELVILLE,USA,125 BAYLIS RD,     ,Ne,,,MELVILLE,USA,125 BAYLIS RD,,     ,Ne,USA,ABC V Inc,,NY,IMS_Test,116
,2024-01-04 12:56:40.463,2024-01-04 00:00:00,2025-01-04 00:00:00,,117,,NY,BROOKLYN,USA,183 EMPIRE BLVD,     ,Ne,,,BROOKLYN,USA,183 EMPIRE BLVD,,     ,Ne,USA,ABC VI inc,,NY,IMS_Test,117
,2024-01-04 14:03:51.460,2024-01-04 00:00:00,2025-01-04 00:00:00,,118,,NY,MELVILLE,USA,125 BAYLIS RD,     ,Ne,,,MELVILLE,USA,125 BAYLIS RD,,     ,Ne,USA,ABC X Inc,,NY,IMS_Test,118
,2024-01-04 14:06:40.017,2024-01-04 00:00:00,2025-01-04 00:00:00,,119,,NY,MELVILLE,USA,125 BAYLIS RD,     ,Ne,,,MELVILLE,USA,125 BAYLIS RD,,     ,Ne,USA,ABC XI Inc,,NY,IMS_Test,119
,2024-01-04 14:29:42.863,2024-01-04 00:00:00,2025-01-04 00:00:00,,120,,NY,MELVILLE,USA,125 BAYLIS RD,     ,Ne,,,MELVILLE,USA,125 BAYLIS RD,,     ,Ne,USA,ABC XII Inc,,NY,IMS_Test,120
,2024-01-04 15:14:21.650,2024-01-04 00:00:00,2025-01-04 00:00:00,,121,,NY,BROOKLYN,USA,183 EMPIRE BLVD,     ,Ne,,,BROOKLYN,USA,183 EMPIRE BLVD,,     ,Ne,USA,ADE III,,NY,IMS_Test,121
,2024-01-04 18:14:30.783,2024-01-04 00:00:00,2025-01-04 00:00:00,,122,,NY,MELVILLE,USA,125 BAYLIS RD,     ,NY,,,MELVILLE,USA,125 BAYLIS RD,,     ,NY,USA,John Debai Inc,,NY,IMS_Test,122
,2024-01-04 18:35:11.553,2024-01-04 00:00:00,2025-01-04 00:00:00,,123,,NY,MELVILLE,USA,125 BAYLIS RD,11735,NY,,,MELVILLE,USA,125 BAYLIS RD,,11735,NY,USA,FCS II Inc,,NY,IMS_Test,123
,2024-01-04 18:47:36.780,2024-01-04 00:00:00,2025-01-04 00:00:00,,124,,NY,MELVILLE,USA,125 BAYLIS RD,11734,NY,,,MELVILLE,USA,125 BAYLIS RD,,11734,NY,USA,FCS VI Inc,,NY,IMS_Test,124
,2024-01-04 18:54:37.037,2024-01-04 00:00:00,2025-01-04 00:00:00,,125,,NY,BROOKLYN,USA,183 EMPIRE BLVD,11225,NY,,,BROOKLYN,USA,183 EMPIRE BLVD,,11225,NY,USA,FS Old Age Home,,NY,IMS_Test,125
,2024-01-04 19:40:28.783,2024-01-04 00:00:00,2025-01-04 00:00:00,,126,,NY,BROOKLYN,USA,183 EMPIRE BLVD,11225,NY,,,BROOKLYN,USA,183 EMPIRE BLVD,,11225,NY,USA,FS Old Age Home,,NY,IMS_Test,126
True,2024-01-04 21:05:45.593,2024-01-04 21:06:00,2025-01-04 21:06:00,,127,,AL,Brooklyn,USA,123,11225,NY,,,Brooklyn,USA,123,street,11225,NY,USA,3m_87,Inc,AL,IMS_Test,127
,2024-01-05 18:25:57.730,2024-01-05 00:00:00,2025-01-05 00:00:00,,128,,NY,BROOKLYN,USA,183 EMPIRE BLVD,11225,NY,,,BROOKLYN,USA,183 EMPIRE BLVD,,11225,NY,USA,ADEC Old Age Home,,NY,IMS_Test,128
,2024-01-05 20:45:43.070,2024-01-05 00:00:00,2025-01-05 00:00:00,,129,,NY,BROOKLYN,USA,183 EMPIRE BLVD,11225,NY,,,BROOKLYN,USA,183 EMPIRE BLVD,,11225,NY,USA,ADEC Old Age Home,,NY,IMS_Test,129
,2024-01-05 21:19:00.700,2024-01-05 00:00:00,2025-01-05 00:00:00,,130,,NY,MELVILLE,USA,125 BAYLIS RD,11747,NY,,,MELVILLE,USA,125 BAYLIS RD,,11747,NY,USA,IMS control Number test,,NY,IMS_Test,130
,2024-01-05 23:23:14.940,2024-01-05 00:00:00,2025-01-05 00:00:00,,131,,NY,MELVILLE,USA,125 BAYLIS RD,11747,NY,,,MELVILLE,USA,125 BAYLIS RD,,11747,NY,USA,"INYO MONO ADVOCATES FOR COMMUNITY ACTION, INC.",,NY,IMS_Test,131
,2024-01-06 02:19:54.730,2024-01-05 00:00:00,2025-01-05 00:00:00,,132,,NY,BROOKLYN,USA,183 EMPIRE BLVD,11225,NY,,,BROOKLYN,USA,183 EMPIRE BLVD,,11225,NY,USA,ADE III,,NY,IMS_Test,132
True,2024-01-08 05:28:57.293,2024-01-08 05:29:00,2025-01-08 05:29:00,,133,,AL,Brooklyn,USA,"1234, Test",11225,NY,,,Brooklyn,USA,"1234, Test",,11225,NY,USA,,,AL,IMS_Test,133
True,2024-01-09 13:46:51.293,2024-01-09 13:47:00,2025-01-09 13:47:00,,134,,AL,Brooklyn,USA,123,11225,NY,,,Brooklyn,USA,123,street,11225,NY,USA,3m_99,Inc,AL,IMS_Test,134
,2024-01-09 20:31:23.187,2024-01-09 00:00:00,2025-01-09 00:00:00,,135,,NY,NEW YORK,USA,20 COOPER,10003,NY,,,NEW YORK,USA,20 COOPER,,10003,NY,USA,WC Quote,,NY,IMS_Test,135
True,2024-01-10 02:42:55.497,2024-01-10 02:43:00,2025-01-10 02:43:00,,136,1500.0000,AL,Brooklyn,USA,"12, Test",11225,NY,,,Brooklyn,USA,"12, Test",,11225,NY,USA,,,AL,Placeholder Producer,136
True,2024-01-10 16:54:02.437,2024-01-10 16:54:00,2025-01-10 16:54:00,,137,250.0000,AL,Brooklyn,USA,123,11225,NY,,,Brooklyn,USA,123,street,11225,NY,USA,,,AL,Test Producer,137
,2024-01-16 17:10:35.920,2024-01-16 00:00:00,2025-01-16 00:00:00,,138,,NY,BROOKLYN,USA,183 EMPIRE BLVD,11225,NY,,,BROOKLYN,USA,183 EMPIRE BLVD,,11225,NY,USA,WC insured,,NY,IMS_Test,138
,2024-01-16 19:27:20.883,2024-01-16 00:00:00,2025-01-16 00:00:00,,139,,NY,BROOKLYN,USA,183 EMPIRE BLVD,11225,NY,,,BROOKLYN,USA,183 EMPIRE BLVD,,11225,NY,USA,THE INSTITUTES OF APPLIED HUMAN DYNAMICS INC_1624,,NY,IMS_Test,139
True,2024-01-17 10:21:38.380,2024-01-17 10:22:00,2025-01-17 10:22:00,,140,,AL,Melville,USA,125 BAYLIS RD,11747,NY,,,Melville,USA,125 BAYLIS RD,,11747,NY,USA,3M_1 Inc,,AL,IMS_Test,140
True,2024-01-17 10:42:33.317,2024-01-17 10:43:00,2025-01-17 10:43:00,CA0001000-24,141,,AL,Brooklyn,USA,"12, Test",11225,NY,,,Brooklyn,USA,"12, Test",,11225,NY,USA,,,AL,Placeholder Producer,141
True,2024-01-29 16:55:43.213,2024-01-29 16:56:00,2025-01-29 16:56:00,,142,,NY,Huntington Station,USA,123 Main St,11747,NY,,,Huntington Station,USA,123 Main St,,11747,NY,USA,,,NY,Acme Producer,142
True,2024-01-30 10:14:26.233,2024-01-02 00:00:00,2025-01-02 00:00:00,,143,,NY,New York,USA,183 EMPIRE BLVD,10001,NY,,,New York,USA,183 EMPIRE BLVD,,10001,NY,USA,3m_88 Inc,,NY,IMS_Test,143
True,2024-01-30 11:24:40.617,2024-01-02 00:00:00,2025-01-02 00:00:00,,144,,NY,Lloyd Harbor,USA,183 EMPIRE BLVD,11743,NY,,,Lloyd Harbor,USA,183 EMPIRE BLVD,,11743,NY,USA,3m_88 Inc,,NY,IMS_Test,144
,2024-01-31 19:11:37.640,2024-01-31 00:00:00,2025-01-31 00:00:00,,145,,NY,MELVILLE,USA,125 BAYLIS RD,11747,NY,,,MELVILLE,USA,125 BAYLIS RD,,11747,NY,USA,3M_33 INC,,NY,IMS_Test,145
,2024-01-31 19:29:22.680,2024-01-31 00:00:00,2025-01-31 00:00:00,,146,,NY,MELVILLE,USA,125 BAYLIS RD,11747,NY,,,MELVILLE,USA,125 BAYLIS RD,,11747,NY,USA,3M_33 INC,,NY,IMS_Test,146
,2024-01-31 19:45:54.650,2024-01-31 00:00:00,2025-01-31 00:00:00,,147,,NY,MELVILLE,USA,125 BAYLIS RD,11747,NY,,,MELVILLE,USA,125 BAYLIS RD,,11747,NY,USA,3M_33 INC,,NY,IMS_Test,147
,2024-01-31 19:54:00.710,2024-01-31 00:00:00,2025-01-31 00:00:00,,148,,NY,MELVILLE,USA,125 BAYLIS RD,11747,NY,,,MELVILLE,USA,125 BAYLIS RD,,11747,NY,USA,3M_33 INC,,NY,IMS_Test,148
,2024-01-31 19:56:22.720,2024-01-31 00:00:00,2025-01-31 00:00:00,,149,,NY,MELVILLE,USA,125 BAYLIS RD,11747,NY,,,MELVILLE,USA,125 BAYLIS RD,,11747,NY,USA,3M_33 INC,,NY,IMS_Test,149
,2024-01-31 19:58:27.947,2024-01-31 00:00:00,2025-01-31 00:00:00,,150,,NY,MELVILLE,USA,125 BAYLIS RD,11747,NY,,,MELVILLE,USA,125 BAYLIS RD,,11747,NY,USA,3M_33 INC,,NY,IMS_Test,150
,2024-02-01 13:49:32.040,2023-12-18 00:00:00,2024-12-18 00:00:00,,152,,NY,Blue Point,+1 ,street,11715,NY,,,Blue Point,+1 ,street,,11715,NY,+1 ,sam,william,NY,IMS_Test,152
,2024-02-01 13:54:06.290,2023-12-18 00:00:00,2024-12-18 00:00:00,,153,,NY,Blue Point,+1 ,street,11715,NY,,,Blue Point,+1 ,street,,11715,NY,+1 ,urban,company,NY,IMS_Test,153
,2024-02-01 13:57:56.910,2023-12-18 00:00:00,2024-12-18 00:00:00,,154,,NY,Blue Point,+1 ,street,11715,NY,,,Blue Point,+1 ,street,,11715,NY,+1 ,urban,top,NY,IMS_Test,154
,2024-02-01 15:28:15.337,2024-02-01 00:00:00,2025-02-01 00:00:00,,155,,NY,NEW YORK,USA,300 PARK AVE,10022,NY,,,NEW YORK,USA,300 PARK AVE,,10022,NY,USA,"IRI INNOVATIVE RESOURCES FOR INDEPENDENCE, INC.",,NY,IMS_Test,155
,2024-02-01 17:28:25.097,2024-02-01 00:00:00,2025-02-01 00:00:00,,156,,NY,NEW YORK,USA,300 PARK AVE,10022,NY,,,NEW YORK,USA,300 PARK AVE,,10022,NY,USA,"IRI INNOVATIVE RESOURCES FOR INDEPENDENCE, INC.",,NY,IMS_Test,156
True,2024-02-01 18:17:44.460,2024-02-01 18:18:00,2025-02-01 18:18:00,,157,,NY,Brooklyn,USA,123,11225,NY,,,Brooklyn,USA,123,street,11225,NY,USA,sam,will,NY,IMS_Test,157
True,2024-02-01 18:46:26.923,2024-02-01 18:46:00,2025-02-01 18:46:00,,158,,NY,Brooklyn,USA,183 Blvd Empire,11225,NY,,,Brooklyn,USA,183 Blvd Empire,,11225,NY,USA,erik,will,NY,IMS_Test,158
,2024-02-01 19:05:13.767,2024-02-01 00:00:00,2025-02-01 00:00:00,,159,,NY,BROOKLYN,USA,183 EMPIRE BLVD,11225,NY,,,BROOKLYN,USA,183 EMPIRE BLVD,,11225,NY,USA,WC INSURED,,NY,IMS_Test,159
,2024-02-01 20:37:09.270,2024-02-01 00:00:00,2025-02-01 00:00:00,,160,,NY,BROOKLYN,USA,183 EMPIRE BLVD,11225,NY,,,BROOKLYN,USA,183 EMPIRE BLVD,,11225,NY,USA,auto,,NY,IMS_Test,160
,2024-02-02 11:18:26.330,2024-02-01 00:00:00,2025-02-01 00:00:00,,161,,NY,STATEN ISLAND,USA,16 PINE STREET,10301,NY,,,STATEN ISLAND,USA,16 PINE STREET,,10301,NY,USA,THE INSTITUTES OF APPLIED HUMAN DYNAMICS INC_1624,,NY,IMS_Test,161
,2024-02-05 12:22:47.643,2024-02-05 00:00:00,2025-02-05 00:00:00,,162,,NY,BROOKLYN,USA,183 EMPIRE BLVD,11225,NY,,,BROOKLYN,USA,183 EMPIRE BLVD,,11225,NY,USA,THE INSTITUTES OF APPLIED HUMAN DYNAMICS INC,,NY,IMS_Test,162
,2024-02-05 12:31:44.373,2024-02-05 00:00:00,2025-02-05 00:00:00,,163,,NY,BROOKLYN,USA,183 EMPIRE BLVD,11225,NY,,,BROOKLYN,USA,183 EMPIRE BLVD,,11225,NY,USA,THE INSTITUTES OF APPLIED HUMAN DYNAMICS INC_2,,NY,IMS_Test,163
,2024-02-05 14:06:57.317,2024-02-05 00:00:00,2025-02-05 00:00:00,,164,,NY,MELVILLE,USA,125 BAYLIS RD,11747,NY,,,MELVILLE,USA,125 BAYLIS RD,,11747,NY,USA,3M_33 INC,,NY,IMS_Test,164
,2024-02-05 14:08:57.373,2024-02-05 00:00:00,2025-02-05 00:00:00,,165,,NY,MELVILLE,USA,125 BAYLIS RD,11747,NY,,,MELVILLE,USA,125 BAYLIS RD,,11747,NY,USA,3M_33 INC,,NY,IMS_Test,165
,2024-02-05 14:13:46.010,2024-02-05 00:00:00,2025-02-05 00:00:00,,166,,NY,MELVILLE,USA,125 BAYLIS RD,11747,NY,,,MELVILLE,USA,125 BAYLIS RD,,11747,NY,USA,3M_33 INC,,NY,IMS_Test,166
,2024-02-05 14:34:33.640,2024-02-05 00:00:00,2025-02-05 00:00:00,,167,,NY,MELVILLE,USA,1867 test address,11747,NY,,,MELVILLE,USA,1867 test address,,11747,NY,USA,3M_33 INC,,NY,IMS_Test,167
,2024-02-06 12:41:00.343,2024-02-06 00:00:00,2025-02-06 00:00:00,,168,,NY,MELVILLE,USA,1867 test address,11747,NY,,,MELVILLE,USA,1867 test address,,11747,NY,USA,3M_33 INC,,NY,IMS_Test,168
,2024-02-06 12:42:11.297,2024-02-06 00:00:00,2025-02-06 00:00:00,,169,,NY,MELVILLE,USA,125 BAYLIS RD,11747,NY,,,MELVILLE,USA,125 BAYLIS RD,,11747,NY,USA,3M_33 INC,,NY,IMS_Test,169
,2024-02-06 12:56:36.970,2024-02-06 00:00:00,2025-02-06 00:00:00,,170,,NY,MELVILLE,USA,1867 test address,11747,NY,,,MELVILLE,USA,1867 test address,,11747,NY,USA,3M_33 INC,,NY,IMS_Test,170
,2024-02-08 12:11:15.403,2024-02-08 00:00:00,2025-02-08 00:00:00,,171,,NY,BROOKLYN,USA,183 EMPIRE BLVD,11225,NY,,,BROOKLYN,USA,183 EMPIRE BLVD,,11225,NY,USA,WC insured,,NY,IMS_Test,171
,2024-02-08 12:16:30.820,2024-02-08 00:00:00,2025-02-08 00:00:00,,172,,NY,BROOKLYN,USA,1867 test address,11225,NY,,,BROOKLYN,USA,1867 test address,,11225,NY,USA,WC insured,,NY,IMS_Test,172
,2024-02-08 15:55:29.053,2024-02-08 00:00:00,2025-02-08 00:00:00,,173,,NY,BROOKLYN,USA,183 EMPIRE BLVD,11225,NY,,,BROOKLYN,USA,183 EMPIRE BLVD,,11225,NY,USA,WC insured,,NY,IMS_Test,173
,2024-02-08 16:05:36.650,2024-02-08 00:00:00,2025-02-08 00:00:00,,174,,NY,BROOKLYN,USA,183 EMPIRE BLVD,11225,NY,,,BROOKLYN,USA,183 EMPIRE BLVD,,11225,NY,USA,WC insured,,NY,IMS_Test,174
,2024-02-08 19:03:34.297,2024-02-08 00:00:00,2025-02-08 00:00:00,,175,,NY,BROOKLYN,USA,183 EMPIRE BLVD,11225,NY,,,BROOKLYN,USA,183 EMPIRE BLVD,,11225,NY,USA,WC insured,,NY,IMS_Test,175
,2024-02-08 19:09:07.100,2024-02-08 00:00:00,2025-02-08 00:00:00,,176,,NY,BROOKLYN,USA,183 EMPIRE BLVD,11225,NY,,,BROOKLYN,USA,183 EMPIRE BLVD,,11225,NY,USA,WC insured,,NY,IMS_Test,176
,2024-02-08 19:12:22.173,2024-02-08 00:00:00,2025-02-08 00:00:00,,177,,NY,BROOKLYN,USA,183 EMPIRE BLVD,11225,NY,,,BROOKLYN,USA,183 EMPIRE BLVD,,11225,NY,USA,WC insured,,NY,IMS_Test,177
,2024-02-08 19:16:00.413,2024-02-08 00:00:00,2025-02-08 00:00:00,,178,,NY,BROOKLYN,USA,183 EMPIRE BLVD,11225,NY,,,BROOKLYN,USA,183 EMPIRE BLVD,,11225,NY,USA,WC insured,,NY,IMS_Test,178
,2024-02-08 19:20:18.243,2024-02-08 00:00:00,2025-02-08 00:00:00,,179,,NY,BROOKLYN,USA,183 EMPIRE BLVD,11225,NY,,,BROOKLYN,USA,183 EMPIRE BLVD,,11225,NY,USA,WC insured,,NY,IMS_Test,179
,2024-02-12 13:19:20.670,2023-12-07 00:00:00,2024-12-07 00:00:00,,180,,NY,Peabody,USA,9 Essex Center Dr.,01960,NY,,,Peabody,USA,9 Essex Center Dr.,,01960,NY,USA,Monica,Geller,NY,TCI Producer,180
,2024-02-12 13:37:28.333,2023-12-07 00:00:00,2024-12-07 00:00:00,,181,,NY,Chelsea,USA,100 Everett Ave.,02150,NY,,,Chelsea,USA,100 Everett Ave.,,02150,NY,USA,Donna,Carpenter,NY,TCI Producer,181
